{"cameraMode":{"drawMode":0,"name":"Shaded","section":"Shading Mode"},"sceneLighting":false,"audioPlay":false,"sceneViewState":{"m_AlwaysRefresh":false,"showFog":true,"showSkybox":false,"showFlares":true,"showImageEffects":true,"showParticleSystems":true,"showVisualEffectGraphs":true,"m_FxEnabled":true},"in2DMode":false,"pivot":{"x":0.03496885299682617,"y":0.8813328742980957,"z":-0.08427505940198899},"rotation":{"x":0.11510732024908066,"y":-0.3722856044769287,"z":0.04659063741564751,"w":0.9197738766670227},"size":1.1609452962875367,"orthographic":false}