{"cameraMode":{"drawMode":0,"name":"Shaded","section":"Shading Mode"},"sceneLighting":false,"audioPlay":false,"sceneViewState":{"m_AlwaysRefresh":false,"showFog":true,"showSkybox":false,"showFlares":true,"showImageEffects":true,"showParticleSystems":true,"showVisualEffectGraphs":true,"m_FxEnabled":true},"in2DMode":false,"pivot":{"x":0.020659178495407106,"y":1.0665158033370972,"z":-0.06276589632034302},"rotation":{"x":0.03786417469382286,"y":-0.23839817941188813,"z":0.00930717121809721,"w":0.970400869846344},"size":1.406082034111023,"orthographic":true}